Visit on,Tracking Method,Guest ID,First Name,Last Name,Address,Apartment/Suite,City/Town,State/Province,Zip/Postal Code,Total Individuals,--- TOTAL Rx COSTS (number only 0.00),,,,,Test notes
7/7/2023 11:02,Food,7511,Apple,Banana,2 GENTLE CT,,Montgomery Village,MD,20886,5,,,,,,shouldn't match 902 Gentlewood St. valid address but not in gaithersburg
1/6/2023 10:04,Food,7544,Crabcake,Dinosaur,501 S. Frederick Ave,1,Gaithersburg,MD,20877,1,,,,,,"should match Road_Name ""Frederick"", Road_Prefix_Dir ""S"""
4/5/2023,Food,3575,Pluto,Neptune Michael,422 N GIRARD ST E,103  Room 1,Gaithersburg,MD,20877,3,,,,,,fake address but should split prefix and postfix correctly and match Girard St
10/3/2023 9:55,Rx Asst,6468,Jupiter,Quinoa,742 QUINCE ORCHARD BLVD,T1,Gaithersburg,MD,20878,1,28,,,,,"multiple apartments at this address, should mark as in city without question"
2/28/2023,Food,7728,Moxie Doxie,Manifold Populate,9 E Deer Park DR,305,Gaithersburg,MD,20877,3,,,,,,shouldn't delete E in street name
3/21/2023,Food,6842,Justin,Case,200 OLDE TOWNE  AVE,202,Gaithersburg,MD,20877,3,,,,,,remove multiple spaces
5/31/2023,Food,6570,Supine,Yellow Orchard Juke,20 ONEILL DR,5,Gaithersburg,MD,20877,6,,,,,,missing apostrophe in O'Neill
6/25/2023,Food,7685,Anita,Thapa,28 Oneil Dr,1,Gaithersburg,MD,20877,5,,,,,,missing apostrophe and misspelling
4/14/2023,Food,6570,Supine,Yellow Orchard Juke,20 O'NEILL DR,5,Gaithersburg,MD,20877,6,,,,,,with apostrophe
8/31/2023,Food,6570,Supine,Yellow Orchard Juke,534 Odendhal AVE,5,Gaithersburg,MD,20877,6,,,,,,missing apostrophe in Odend'hal
2/15/2023,Food,6570,Supine,Yellow Orchard Juke,534 Odend'hal Dr,5,Gaithersburg,MD,20877,6,45,,,,,with apostrophe
10/7/2023,Food,4125,Nutcase,Pendleton,3 MCCAUSLAND PL,202,Gaithersburg,MD,20877,9,,,,,,mccausland pl renamed to prism pl
1/7/2023,Food,4125,Nutcase,Pendleton,13-15 E Deer Park Dr,202,Gaithersburg,MD,20877,9,,,,,,hyphens do exist in street number
12/5/2023 11:00,18,2260,Thirst,Hunger,405 CHRISTOPHER AVE,T3,Gaithersburg,MD,20879,1,,,,,,tracking number 18 is disabled Adult Underwear
9/2/2023 9:35,9,7514,Music,Quartet,413 MUDDY BRANCH RD,T2,Gaithersburg,MD,20878,8,,,,,,tracking number 9 is disabled Diapers
7/5/2023 9:35,Food,7514,Music,Quartet,413 MUDDY BRANCH RD,T2,Gaithersburg,MD,20878,8,,,,,,test multiple tracking methods
11/6/2023,Choice Pantry 13 Firstfield Road,"Napster, Rainman",Rainman,Napster,19718 Circle,,Darnestown,MD,20874,5,,,,,,one word address
7/11/2023,Choice Pantry 13 Firstfield Road,"Panoply, Toilet Seat",Toilet Seat,Panoply,13308,,Germantown,MD,20874,4,,,,,,number only address
7/13/2023,Choice Pantry 13 Firstfield Road,"Rapier, Human",Human,Rapier,200 N Ho,,Rockville,MD,20850,4,,,,,,prefix + street name only address
5/31/2023,Food,6570,Supine,Yellow Orchard Juke,534 Odendhal AVE,5,Gaitheburg,ME,20870,6,,,,,,"incorrect city, state, zip"
2/28/2023,Food,7728,Moxie Doxie,Manifold Populate,9 E Deer Park DR,305,Gaithersburg,MD,20877,3,,,,,,repeated visit same date and service
3/28/2023,Food,1001,Knife,Fightin,9 Park Ave,Suite 100,Gaithersburg,MD,20877,3,,,,,,suite in apartment should be ste
4/28/2023,Food,1002,O'Hanna,Mulligan,409 Christopher Ave,T3 RM 1,Gaithersburg,MD,20879,2,,,,,,"apostrophe in name, multiple apartment should match Apt T3"
5/28/2023,Food,1003,Bobby,Hill,150 Chevy Chase St,Unit 102,Gaithersburg,MD,20878,2,,,,,,"only unit types in gaithersburg are unit, fl, bldg, ste, apt. gaithersburg has this as unit, USPS as Apt"
