200 Olde Towne Ave,,Gaithersburg,200 Olde Towne Ave,Gaithersburg,1,notes
12039 panthers Ridge Dr,,Germantown,12039 Anter Ridge Dr,Germantown,3,
17125 Redland Rd,,Derwood,17125. Redland rd,Rockville,5,
7700 Polara Pl,,Derwood,7700 polars pl,Rockville,6,
9309 Willow Creek Dr,H,Montgomery Village,9309 Willow Creek Dr.,Montgomery Village,7,
862 Quince Orchard Blvd,T2,Gaithersburg,862 Quince Orchard Blvd ,Gaithersburg,8,space after blvd
402 Girard St,,Gaithersburg,402 Girard St,,9,
17106 Queen Victoria Ct,,Gaithersburg,171016 Queen Victoria,Gaithersburg,11,
13867 Grey Colt Dr,,Gaithersburg,13867 grey gold dr,North Potomac,12,
787 Quince Orchard Blvd,21,Gaithersburg,787 quince orchard blvd,North Potomac,13,
11780 Ashworth Ct,102,Germantown,11780 Ashworth Ct,Gaithersburg,15,
18535 Boysenberry Dr,,Gaithersburg,18535 boysenberry dr,,16,
872 Quince Orchard Blvd,,Gaithersburg,872 Quince Orchad Blvd,,18,
164 Gold Kettle Dr,,Gaithersburg,164 goldkettle dr,North Potomac,19,
714 Quince Orchard Blvd,,Gaithersburg,714 Quince Orchard blvd,MONTGOMRY VLG,20,
19304 Circle Gate Dr,,Germantown,19304 Circle Gate Drive,,21,
430 N Summit Ave,,Gaithersburg,430 n summit ave,MONTGOMRY VLG,22,
19354 Sandy Lake Dr,,Gaithersburg,19354 sandy lake dr,Montgomery Village,23,
417 W Diamond Ave,,Gaithersburg,417 w diamond ave,MONTGOMRY VLG,24,
18245 Lost Knife Cir,201,Montgomery Village,18245 Lost Knife Cir ,Montgomery Village,25,
19027 Quail Valley Blvd,,Gaithersburg,19027 quail valley blvd,,28,
439 N Frederick Ave,,Gaithersburg,439 n Frederick ave,MONTGOMRY VLGL,29,
1 Hermosa Place,T4,Gaithersburg,1 Hermosa Place,Montgomery Village,31,
866 W Side Dr,,Gaithersburg,866 w side dr,North Potomac,32,
926 Beacon Square Ct,234,Gaithersburg,926  Beacon square ct,Gaithersburg,34,space after number
7604 Laytonia Dr,,Gaithersburg,7604 laytonia dr,MONTGOMRY VLG,35,
113 water st,,Montgomery Village,13 water st,MONTGOMRY VLG,37,
19429 Brassie Pl,,Montgomery Village,19429 prassie pl,Montgomery Village,38,
50 Federal Ct,,Gaithersburg,50 federal  t,Gaithersburg,39,space after street name
9956 Forest View Pl,,Montgomery Village,9956 Forest View Place,Montgomery Village,40,
504 Lincoln St,,Rockville,504 lincold st,Potomac,41,
408 Rich Point Place,,Gaithersburg,408 Rich Point Place,,42,
9325 Chadburn Pl,,Montgomery Village,9325 Chadburn Place,Montgomery Village,44,
19515 Frederick Rd,,Germantown,19515 FREDERICK RD,,45,
795 Quince Orchard Blvd,,Gaithersburg,795 quince orchard blvd,North Potomac,46,
9222 Bluebird Ter,,Gaithersburg,9222 Blue Bird,Gaithersburg,47,
12835 Fairchild Dr,405,Germantown,12835 Facechild Dr,Germantown,48,
1205 Red Pepper Ct,,Germantown,1205 Red Pepper Ct,,49,
10315 Roger Woods Ct,,Darnestown,10315 Roger Woods Court,,50,
949 Clopper Rd,,Gaithersburg,949 clopper rd,North Potomac,52,
9109 Centerway Rd,,Gaithersburg,9109 Centreville Rd,Gaithersburg,54,
609 Lincoln St,,Rockville,609 lincold st,Potomac,56,
3 N Summit Dr,,Gaithersburg,3 n summit dr,MONTGOMRY VLG,57,
18451 Lost Knife Cir,,Montgomery Village,18451 Lost knife Cir,,60,
18451 Lost Knife Cir,,Montgomery Village,18451 Lost knife circle,,61,
19137 Stedwick Dr,,Montgomery Village,19137 Stedwidk Dr,Montgomery Village,62,
18441 Lost Knife Cir,102,Montgomery Village,18441 Lost Knife Circl,Montgomery Village,64,
422 Girard St,,Gaithersburg,422 girard st,MONTGOMRY VLG,65,
20517 Summersong Lane,,Germantown,20517 Summerson Lane,Germantown,66,
16504 Alden Ave,,Gaithersburg,16504 Alden ave,MONTGOMRY VLG,68,
438 Girard St,,Gaithersburg,438 girard st,MONTGOMRY VLG,69,
9857 Brookeridge Ct,,Montgomery Village,9857 BrookeRidge,,70,
319 Summit Hall Rd,,Gaithersburg,319 Summit H Rd,Gaithersburg,71,
8997 Centerway Rd,,Gaithersburg,8997 Center Way,Gaithersburg,74,
354 N Summit Ave,,Gaithersburg,354 North Summit AVE,-,75,
801 Quince Orchard Blvd,,Gaithersburg,801 Quince Orchard Blva,Gaithersburg,76,
9227 Hummingbird Ter,,Gaithersburg,9227 Hummingbird Terr,Gaithersburg,78,
7925 Spiceberry Cir,,Gaithersburg,7925 Spiceberry Circle,,79,
110 Oak Shade Rd,,Gaithersburg,110 Oak Shade rd,,80,
378 N Summit Ave,,Gaithersburg,378 North Summit Ave,,81,
13 Docena Court,,Montgomery Village,13 Dozena Court,Montgomery Village,82,
700 Clopper Rd,,Gaithersburg,700 Clopper Rd,,83,
17624 Sequoia Dr,,Gaithersburg,17624 Sequya Drive,,84,
374 N Summit Ave,3,Gaithersburg,374 N Summit Ave,Gaitherburg,85,
18723 Cappella Ln,,Gaithersburg,18723 Cappella Lane,,86,
2 Prism Pl,,Gaithersburg,2 Prims Pl,,87,
12 N Summit Dr,101,Gaithersburg,12 N SUMMIT DR,MONTGOMRY VLG,88,
398 N Summit Ave,T3,Gaithersburg,398 N SUMMIT,MONTGOMRY VLG,90,
206 Russell Ave,,Gaithersburg,206 RUSSELL AVE,MONTGOMRY VLG,92,
15 Brighton Dr,,Gaithersburg,15 BRIGHTON DR,MONTGOMRY VLG,93,
19413 Brassie Pl,201,Montgomery Village,19413 BRASSLE PLACE,Montgomery Village,94,
16 Prairie Rose Ct,,Gaithersburg,16 Pierre Rose,Gaithersburg,95,
606 Whispering Ct,,Gaithersburg,606 whispering  ct,MONTGOMRY VLG,98,
501 S Frederick Ave,,Gaithersburg,501 s frederick ave,MONTGOMRY VLG,99,
19731 Greenside Ter,,Montgomery Village,19731 greenside terr,Montgomery Village,100,
42 Cross Country Ct,,Gaithersburg,42 cross country ct,Montgomery Village,101,
19213 Saint Johnsbury Ln,,Germantown,19213 Saint Johnburry,,102,
18512 Boysenberry Dr,,Gaithersburg,18512 Boycenberry Drive,,103,
773 Quince Orchard Blvd,,Gaithersburg,773 Quince Orchad Rd,,104,
7503 Elioak Ter,,Gaithersburg,7503 Eliok ter,20879,107,
12549 Timber Hollow Pl,,Germantown,12549 timber hollow pl,Darnestown,108,
19272 Circle Gate Dr,,Germantown,19272 circle gate dr,Darnestown,110,
25516 Joy Ln,,Damascus,25516 joy st,Damascus,111,
49 Harmony Hall Rd,,Gaithersburg,49 harmony hall rd,MONTGOMRY VLG,113,
807 Quince Orchard Blvd,,Gaithersburg,807 Quince orchard blvd,North Potomac,115,
102 Duvall Ln,,Gaithersburg,102 Duvall,,118,
18537 Boysenberry Dr,,Gaithersburg,18537 boysenberry dr,Montgomery Village,120,
13024 Open Hearth Way,,Germantown,13024 open Hearth way,Darnestown,121,
29 School Dr,,Gaithersburg,29 scholl dr,Gaithersburg,122,
364 N Summit Ave,,Gaithersburg,364 N Summit ave,MONTGOMRY VLG,123,
809 Quince Orchard Blvd,,Gaithersburg,809 quince orchard blvd,North Potomac,124,
7844 Mineral Springs Dr,,Gaithersburg,7844 MIneral Spring Drive,,126,
12908 Margot Dr,,Rockville,12908 margot dr,,128,
19416 Saint Johnsbury Ln,,Germantown,19416 st johnsburry ln,Germantown,129,
860 Ivy League Ln,,Rockville,860 ivy league ln,Potomac,130,
704 Quince Orchard Blvd,,Gaithersburg,704 Quince Orchard Rd,North Potomac,131,
20205 Shipley Ter,,Germantown,20205 Shipley Terrace,Germantown,134,
440 Girard St,,Gaithersburg,440 girad st,Gaithersburg,137,
785 Quince Orchard Blvd,,Gaithersburg,785 quince iorcha rd,Gaithersburg,140,
19429 Brassie Pl,,Montgomery Village,19429 brassie place,Montgomery Village,142,continue here
19515 Frederick Rd,Germantown,Trl J MO,19515 Frederick Rd,Germantown,,
935 Clopper Rd,Gaithersburg,T4,935 clopper rd,Gaithersburg,,
425 N Frederick Ave,Gaithersburg,D13,425 N Frederick Ave,Gaithersburg,,
425 N Frederick Ave,Gaithersburg,C14,425 N Frederick Ave,Gaithersburg,,
728 Quince Orchard Blvd,Gaithersburg,D72,728 Quince Orchard Blvd,Gaithersburg,,
13313 Dovedale Way,Germantown,P,13313 Dovedale Way,Darnestown,,
722 Clopper Rd,Gaithersburg,#24,722 Clopper Rd,Gaithersburg,,
19515 Frederick Rd,Germantown,Trl 180,19515 Frederick Rd,Germantown,,
1 Water St,Gaithersburg,A202,1 water st,gaithersburg,,
13313 Dovedale Way,Germantown,P,13313 Dovedale Way,Darnestown,,
19515 Frederick Rd,Germantown,Tlr 88,19515 Frederick Rd,Germantown,,
19515 Frederick Rd,Germantown,Trlr 108,19515 Frederick Rd,Germantown,,
90 Waverly Dr,Frederick,L3O3,90 Waverly Dr,Frederick,,
19515 Frederick Rd,Germantown,Trailer 201,19515 Frederick Rd,Germantown,,
783 Quince Orchard Blvd,,Gaithersburg,783 quince orchard blvd,North Potomac,143,
700 Clopper Rd,,Gaithersburg,700 clopper rd,North Potomac,144,
12805 Kitchen House Way,,Germantown,12805 kitchen house way,Darnestown,147,
17600 Larchmont Ter,,Gaithersburg,17600 larchmont ter,MONTGOMRY VLG,148,
945 Clopper Rd,,Gaithersburg,945 Clopper Rd ,Gaithersburg,149,
18327 Lost Knife Cir,,Montgomery Village,18327 Lost Knife Circle,,150,
9259 Chadburn Pl,,,49 w diamond av,,151,
18304 Metz Dr,,Germantown,18304 metz dr,Darnestown,153,
19515 Frederick rd,,,112 Duvall Ln,,154,
19613 Gunners Branch Rd,,Germantown,19613 Gunners Branch Rd ,Germantown,156,
953 Clopper Rd,,Gaithersburg,953 clopper rd,,157,
12 Sunnyside Ct,,Gaithersburg,18600 Sandpiper Ln,Gaithersburg,158,
17616 Garrett Dr,,Gaithersburg,17616 garrettdr,North Potomac,160,
19001 Forest Brook Rd,,Germantown,19001 Forest Brook Rd,,162,
318 Summit Hall Rd,,Gaithersburg,318 Summit hall rd,MONTGOMRY VLG,163,
17624 Sequoia Dr,,Gaithersburg,17624 Sequia Dr,Gaithersburg,164,
17730 Towne Crest Dr,,Gaithersburg,17730 towne crest dr,MONTGOMRY VLG,167,
17136 King James Way,,Gaithersburg,17136 king james way,MONTGOMRY VLG,168,
452 girard st,,Silver Spring,2731 Georgia Ave,Silver Spring,169,
8229 Hedge Apple Way,,Gaithersburg,8229 hedgeapple way,Montgomery Village,170,
819 Quince Orchard Blvd,,Gaithersburg,819 Quince Orchard Blvd ,Gaithersburg,171,
416 W Deer Park Rd,,Gaithersburg,118 Rawlings Rd,Gaithersburg,172,
18610 Nathans Pl,,Montgomery Village,18610 Nathans Place,Montgomery Village,173,
1599 Kimblewick Rd,,Potomac,1599 Kimblewick Rd.,Potomac,174,
18343 Lost Knife Cir,,Montgomery Village,101 lost knife Circle,Montgomery Village,175,
364 N Summit Ave,,Gaithersburg,364 north summit ave,Gaitherburg,176,
18417 Lost Knife Cir,,Montgomery Village,18417 Lost Knife Circle,Montgomery Village,177,
18409 Cape Jasmine Way,,Gaithersburg,49 w diamond av,Gaithersburg,179,
13313 Darnestown Rd,,Gaithersburg,313313 Garneston Rd,Gaithersburg,180,
6 Sunnyside Ct,,Gaithersburg,9029 Centerway Rd,MONTGOMRY VLG,181,
17621 Larchmont Ter,,Gaithersburg,17621 Larchmont Terrace,MONTGOMRY VLG,182,
17706 calabar dr,,Gaithersburg,17706 calamar dr,Gaithersburg,183,
8014 Spiceberry Cir,,Gaithersburg,8014 spiceberry cr,MONTGOMRY VLG,185,
18 Whetstone Dr,,Gaithersburg,18 Whetstone,,186,
18 Whetstone Dr,,Gaithersburg,18 whetstone dr,MONTGOMRY VLG,187,
18 Whetstone Dr,,Gaithersburg,18 whetstone,Gaithersburg,188,
18521 Boysenberry Dr,,Gaithersburg,18521 Boyce Sand Berry Drive,Montgomery Village,190,
19332 Circle Gate Dr,,Germantown,19332 circle gate dr,Darnestown,191,
531 S Frederick Ave,,Gaithersburg,531 S Frederick ave,MONTGOMRY VLG,194,
505A S Frederick Ave,,Gaithersburg,505 a S frederick ave,MONTGOMRY VLG,195,
18441 Lost Knife Cir,,Montgomery Village,18441 Lost Knife Circle,,196,
17215 King James Way,,Gaithersburg,17215 king james way,MONTGOMRY VLG,197,
420 Girard St,,Gaithersburg,420 Girard St,,202,
101 Odendhal Ave,,Gaithersburg,101 odendhal ave,MONTGOMRY VLG,204,
794 Quince Orchard Blvd,,Gaithersburg,794 Queen Orchard,Gaithersburg,205,
815 Quince Orchard Blvd,,Gaithersburg,815 Quince orchard blvd,North Potomac,209,
18 S Frederick Ave,,Gaithersburg,18 S Frederick Rd,Gaithersburg,210,
12101 elm forest ct,,Clarksburg,1 el forest ct,Clarksburg,213,
8011 Cloverwood Ct,,Gaithersburg,8011 cloverwood ct,Montgomery Village,216,
8646 Watershed Ct,,Gaithersburg,8646 watershed ct,MONTGOMRY VLG,217,
12149 Flag Harbor Dr,,Germantown,12149 flagharbord dr,Darnestown,218,
19272 Circle Gate Ct,,Germantown,19272 Circle gate dt,Darnestown,219,
18504 Sparrows Point Pl,,Germantown,18504 sparrow point pl,Darnestown,220,
49 W Diamond Ave,,Gaithersburg,49 w Diamond ave,MONTGOMRY VLG,221,
362 W Deer Park Rd,,Gaithersburg,362 w Deer Park rd,MONTGOMRY VLG,224,
9209 Ridgefield Cir,,Frederick,9209 Ridgefield cr,Frederick,225,
804 Amber Tree Ct,,Gaithersburg,804 Amber Tree Ct ,Gaithersburg,227,
501 Hungerford Dr,,Rockville,501 Hungrford dr,Potomac,228,
50 Bureau Dr,,Gaithersburg,50 bureau dr,North Potomac,229,
303 Bicton Commons Dr,,Frederick,303 bicton commons dr,Fort Detrick,230,
1112 Travis Ln,,Gaithersburg,1112 Travis,,233,
7517 Filbert Ter,,Gaithersburg,7517 Filbert ter,Montgomery Village,235,
19301 eran Tree st,,Gaithersburg,19301 Nowell Tree,Gaithersburg,236,
425 W Side Dr,,Gaithersburg,425 w side dr,North Potomac,238,
308 Buttry Rd,,Gaithersburg,308 Butty Rd,,239,
305 Buttry Rd,,Gaithersburg,305 buttry rd,MONTGOMRY VLG,241,
817 Quince Orchard Blvd,,Gaithersburg,817 quince orchard blvd,North Potomac,243,
17633 Amity Dr,,Gaithersburg,3430 Floral St,Gaithersburg,244,
37 Mill Lane Court,,Gaithersburg,18327 lost knife cir,,247,
3910 McKinley St NW,,Washington,3910 mckinley st,,249,
17 Water St,,Gaithersburg,17 water st,MONTGOMRY VLG,255,
18543 Cherry Laurel Ln,,Gaithersburg,18543 cherry laurel ln,Montgomery Village,256,
19416 Saint Johnsbury Ln,,Germantown,19416 saint johnsburry ln,Germantown,257,
11 Forest Landing Ct,,Rockville,11 forest landing ct,Potomac,258,
923 Grandin Ave,,Rockville,923 Granden Ave,Rockville,260,
17 E Deer Park Dr,,Gaithersburg,18333 Lost Knife Cir,,261,
17631 Washington Grove Ln,,Gaithersburg,1763a Washington Grove Ln,Gaithersburg,263,
2011 Torrey Pond Pl,,Montgomery Village,20111 Torrey Ponfd Pl,,265,
744 Clopper Rd,,Gaithersburg,744 clopper rd,North Potomac,270,
4302 Garrett Park Rd,,Silver Spring,4302 garret park rd,Silver Spring,272,
442 Girard St,,Gaithersburg,442102 guirard st,MONTGOMRY VLG,274,
12907 Falling Water Cir,,Germantown,12907 Fawllin Water Circle,Germantown,280,
422 Girard St,,Gaithersburg,422 guirard st,MONTGOMRY VLG,282,
17730 Millcrest Dr,,Derwood,17730 millcrest dr,Rockville,285,
511 S Frederick Ave,,Gaithersburg,511  South Frederick Ave,,286,
18535 Boysenberry Dr,,Gaithersburg,18535 boysenberry dr,Montgomery Village,288,
26 N Summit Dr,,Gaithersburg,26 North Summit Dr,Gaithersburg,290,
2222 Kansas Ave,,Silver Spring,2222 kansasa ave,Silver Spring,292,
212 Perry Pkwy,,Gaithersburg,212 perry parkway,MONTGOMRY VLG,293,
370 E Diamond Ave,,Gaithersburg,370 east diamond ave,MONTGOMRY VLG,294,
18321 Lost Knife Cir,,Montgomery Village,18321 Lost Knife Circle,,299,
1819 Lost Knife Cir,,Montgomery Village,1819 Lost Knife Circle,,300,
205 Cedar Ave,,Gaithersburg,205 Cedar  Ave,,301,
205 Cedar Ave,,Gaithersburg,205 Cedar Ave,,302,
17121 Queen Victoria Ct,,Gaithersburg,17121 quenn victoria ct,MONTGOMRY VLG,303,
724 Clopper Rd,,Gaithersburg,724 clopper rd,North Potomac,304,
8 Guy Ct,,Rockville,8 Guy,,306,
13361 Demetrias Way,,Germantown,18601 Phoebe Blv,Germantown,307,
791 Quince Orchard Blvd,,Gaithersburg,791 quince orchard blvd,North Potomac,311,
809 Quince Orchard Blvd,,Gaithersburg,809 Ouince Orchard  Blvd,Gaithersburg,312,
809 Quince Orchard Blvd,,Gaithersburg,809 Quince Orchad Blvd,Gaithersburg,314,
301 Cedar Ave,,Gaithersburg,301 cedar ave,MONTGOMRY VLG,315,
12414 Quail Woods Dr,,Germantown,12414 quail woods dr,Darnestown,316,
19016 Mills Choice Rd,,Montgomery Village,17702 Topfield Dr,Montgomery Village,317,
18359 Honeylocust Cir,,Gaithersburg,18359 honeylocust cir,Montgomery Village,326,
447 Stair Wheel,,,447 Sternwheeler Court,,327,
12217 Peach Crest Dr,,Germantown,17022 King James Way,Germantown,328,
311 Buttry Rd,,Gaithersburg,311 buttry rd,MONTGOMRY VLG,329,
8134 Pepperwood Ln,,Gaithersburg,8134 pepperwood ln,MONTGOMRY VLG,334,
17215 king James way,,Gaithersburg,19454 Sandy Lake Dr,Gaithersburg,335,
18921 Blue Heron Ln,,Gaithersburg,18921 Blue Giro LAne,Gaithersburg,337,
108 Duvall Ln,,Gaithersburg,208 Duval Lane,,338,
366 N Summit Ave,,Gaithersburg,366 n summith ave,MONTGOMRY VLG,342,
1704 Grandin Ave,,Rockville,1704 Grandin Ave,,347,
17136 King James Way,,Gaithersburg,17136 king james way,,348,
9927 Lake Landing Rd,,Montgomery Village,9927 Lake Landing,,349,
1130 W Side Dr,,Gaithersburg,1130 west side dr,North Potomac,354,
18615 Mallory Pl,,Gaithersburg,18615 malery pl,Montgomery Village,356,
443 W Diamond Ave,,Gaithersburg,443 West Diamond Ave,,357,
464 W Deer Park Rd,,Gaithersburg,464 W Deer Park,,358,
19312 Sandy Lake Dr,,Gaithersburg,19312 sandy lake dr,Montgomery Village,359,
404 Blue Silk Ln,,Gaithersburg,404 blue silk ln,Montgomery Village,361,
11521 Brundidge Ter,,Germantown,11521 Brundidge Terrace,Germantown,363,
1518 November Cir,,Silver Spring,1518 November Cir,,368,
1119 Southern Night Ln,,Gaithersburg,1119 Southernight Lane,,369,
9894 Brookridge Ct,,Montgomery Village,9894 brook ridge ct,Montgomery Village,370,
394 N Summit Ave,,Gaithersburg,394 n summit ave,MONTGOMRY VLG,372,
204 W Deer Park Rd,,Gaithersburg,204 West Deer Park Rd,,373,
925 Clopper Rd,,Gaithersburg,925A Clopper Rd,Gaithersburg,374,
12119 Grey Squirrel St,,Clarksburg,12119 Grey Squirrel,,382,
13437 Whitechurch Cir,,Germantown,13437 whitechurch cir,Darnestown,383,
409 Muddy Branch Rd,,Gaithersburg,409 Muddy Branch,Gaithersburg,385,
160 Talbott St,,Rockville,160 Talbot St,Rockville,386,
18500 Boysenberry Dr,,Gaithersburg,18500 boisenberry dr,Montgomery Village,387,
23 Desellum Ave,,Gaithersburg,23 Desellum Ave,,389,
111 E Deer Park Dr,,Gaithersburg,111 East Deer Park Drive,MONTGOMRY VLG,392,
824 Quince Orchard Blvd,,Gaithersburg,Quince Orchard Blvd,Gaithersburg,393,
18359 Lost Knife Cir,,Montgomery Village,18359 Lost knife circle,Montgomery Village,402,
18243 Lost knife cir apt 304,,Montgomery Village,12521 Needle Dr,Montgomery Village,403,
1070 W Side Dr,,Gaithersburg,1070 west drive dr,Gaithersburg,404,
18447 Lost Knife Cir,,Montgomery Village,18447 Lost Knife Circle,Montgomery Village,405,
18 S Frederick Ave,,Gaithersburg,18 S Frederick Ave,,406,
18 S Frederick Ave,,Gaithersburg,18 s frederick,MONTGOMRY VLG,407,
437 W Diamond Ave,,Gaithersburg,437 W DIAMOND AVE,MONTGOMRY VLG,409,
118 Duvall Ln,,Gaithersburg,431 North Frederick Ave,Gaithersburg,410,
425 N Frederick Ave,,Gaithersburg,102 SummyBrook,Gaithersburg,411,
815 Quince Orchard,,,18420 Honeylocust Cir,,413,
106 Longdraft Rd,,Gaithersburg,106 LOng Draft Rd,,414,
7547 Elioak Ter,,Gaithersburg,7547 Elioak  Terrace,,415,
405 Muddy Branch Rd,,Gaithersburg,405  MUDDY BRANCH RD,North Potomac,417,
100 Duvall Ln,,Gaithersburg,DUVAL LN,MONTGOMRY VLG,418,
13 School Dr,,Gaithersburg,13 School Dr,,419,
873 Clopper Rd,,Gaithersburg,7900 Spiceberry Circle,Gaithersburg,421,
823 Quince Orchard Rd,,Gaithersburg,704 Clopper Rd,Gaithersburg,422,
58 Nina Ct,,Gaithersburg,58 NINA CT,MONTGOMRY VLG,424,
16 Hutton St,,Gaithersburg,16 HUton St,Gaithersburg,425,
18229 Lost Knife Cir,,Montgomery Village,18229 Lost Knife Rd,Montgomery Village,426,
11937 Bambi Ct,,Gaithersburg,11937 Bambu Court,,427,
17600 Larchmont Ter,,Gaithersburg,17600 Larchmont Terr,Gaithersburg,429,
9918 Maple Leaf,,Montgomery Village,9918 Maple Leaf,,430,
9309 Willow Creek Dr,,Montgomery Village,9309 Willow Creek,,431,
497 Quince Orchard Rd,,Gaithersburg,497 QUINCE ORCGA ROAD,North Potomac,436,
779 Quince Orchard Blvd,,Gaithersburg,779 Quince Orchad Blvd,Gaithersburg,437,
17738 Topfield Dr,,Gaithersburg,19700 Cristal Rock Drive,Gaithersburg,438,
414 N Summit Ave,,Gaithersburg,414 N Summit Ave ,Gaithersburg,439,
882 W Side Dr,,Gaithersburg,882 W SIDE DR,North Potomac,440,
4 Linda Ct,,Gaithersburg,4 LINDA CT,North Potomac,441,
8617 Kelso Ter,,Gaithersburg,8617 Kelson Terrace,Gaithersburg,442,
14957 Carry Back Dr,,Gaithersburg,18419 Lost Knife Cir,Gaithersburg,445,
53 Brassie Ct,,Montgomery Village,53 Brassie Crt,Montgomery Village,446,
7614 Elioak Ter,,Gaithersburg,7614 Elioak Terrace,Gaithersburg,447,
426 Girard St,,Gaithersburg,425 Girard St,Gaithersburg,450,
33 School Dr,,Gaithersburg,33 school drive,Gaithersburg,454,
9 Wheatfield Ct,,Gaithersburg,9 whilthfield ct,Montgomery Village,455,
11800 Renick Ln,,Silver Spring,11800 Renick Ln,,457,
13 School Dr,,Gaithersburg,13 School Drive,,459,
9902 Killarney Ln,,Gaithersburg,9902 killarney ln,,460,
134 Duvall on,,MONTGOMRY VLGG,7 N Summit Dr,MONTGOMRY VLGG,463,
19 Brassie Ct,,Montgomery Village,19 brassie ct,Tanjung Beringin,464,
20111 Torrey Pond Rd,,Montgomery Village,20111  Torrey ROAD,,469,
18359 Lost Knife Cir,,Montgomery Village,18359 Lost Knife circle,,478,
18417 Lost Knife Cir,,Montgomery Village,8417 lost knife cir,Montgomery Village,479,
103 N Summit Ave,,Gaithersburg,103 n summit ave,MONTGOMRY VLG,485,
14 Whetstone Dr,,Gaithersburg,14 whetstone dr,MONTGOMRY VLG,486,
795 Quince Orchard Blvd,,Gaithersburg,795/quince orchard blvd,North Potomac,493,
1210 Knoll Mist Ln,,Gaithersburg,1210 knoll mist ln,Montgomery Village,495,
9902 Killarney Ln,,Gaithersburg,9902 killarney ln,MONTGOMRY VLG,497,
218 W Deer Park Rd,,Gaithersburg,218west deer park rd,MONTGOMRY VLG,501,
218 W Deer Park Rd,,Gaithersburg,218 west deer park rd,Gaithersburg,502,
16011 Redland Rd,,Derwood,16011 redalnd rd,Montgomery Village,504,
20621 Neerwinder St,,Germantown,20621 neerwinder ts,Darnestown,505,
364 N Summit Ave,,Gaithersburg,364  N Summit Ave,Gaithresburg,506,
456 Girard St,,Gaithersburg,456 girard st,MONTGOMRY VLG,507,
18813 Coral Grove Ter,,Germantown,18813 coral grove ter,Darnestown,518,
24241 Club View Dr,,Gaithersburg,13313 Darnestown Rd,Gaithersburg,519,
13105 Briarcliff Ter,,Germantown,13105 Briar cliff Terrace,Germantown,532,
447 Sternwheeler Ct,,Gaithersburg,447 Sternwheeler Court,Gaithersburg,533,
130 Duvall Ln,,Gaithersburg,130 duvall ln,MONTGOMRY VLG,534,
13616 Parreco Farm Ct,,Germantown,113616 parreico,,538,
18253 Smoke House Ct,,Germantown,18253 smoke hpuse ct,Darnestown,539,
17060 King James Way,,Gaithersburg,17060 king james way,MONTGOMRY VLG,547,
17219 King James Way,,Gaithersburg,17219 king james way,MONTGOMRY VLG,550,
827 Quince Orchard Blvd,,Gaithersburg,827 quince orchard blv,North Potomac,552,
13660 Palmetto Cir,,Germantown,13660 palmetto cir,Darnestown,553,
15 Water St,,Gaithersburg,15 water st,MONTGOMRY VLG,556,
70 Upper Rock Cir,,Rockville,70 upper rock cir,Potomac,557,
102 Duvall Ln,,Gaithersburg,102 duvall ln,MONTGOMRY VLG,558,
856 Quince Orchard Blvd,,Gaithersburg,856 quince orchard blvd,North Potomac,559,
18441 Lost Knife Cir,,Montgomery Village,18441 lost knife,Montgomery Village,560,
18441 Lost Knife Cir,,Montgomery Village,818441 lost knife cir,MONTGOMRY VLG,561,
308 Buttry Td,,Gaithersburg,308 butry rd,MONTGOMRY VLG,562,
104 Sunnybrook Ter,,Gaithersburg,104 Sunny Brook Terrace,Gaithersburg,566,
2217 Shorefield Rd,,Silver Spring,2217 shorefield rd,Wheaton,569,
13501 Ale House Cir,,Germantown,13501 Ale house cir,Darnestown,575,
354 N Summit Ave,,Gaithersburg,354 n summith ave,MONTGOMRY VLG,577,
17615 Washington Grove ln,,Gaithersburg,17615 washington grove ln,MONTGOMRY VLG,583,
117 Deer Park Ln,,Gaithersburg,117 deer park ln,MONTGOMRY VLG,585,
117 Deer Park Ln,,Gaithersburg,358 n summit ave,MONTGOMRY VLG,586,
15301 Blackburn Rd,,Burtonsville,15301bblackburn rd,Burtonsville,588,
10 Harkness Ct,,Gaithersburg,10 harkness ct,Montgomery Village,589,
18433 Stone Hollow Dr,,Germantown,18433 stone hollow dr,Darnestown,592,
20065 Appledowre Cir,,Germantown,20065 appledowre cir,,593,
18921 Blue Heron Ln,,Gaithersburg,18921 blue hero ln,Montgomery Village,594,
9820 Mahogany Dr,,Gaithersburg,9820 Majogani Drive,,596,
18907 Mills Choice Rd,,Montgomery Village,18907 mills choice rd,,599,
23 Desellum Ave,,Gaithersburg,23 desellum ave,MONTGOMRY VLG,605,
134 Duvall Ln,,Gaithersburg,7 N Summit Dr,Gaithersburg,607,
308 Buttry Rd,,Gaithersburg,308 buttry rd,MONTGOMRY VLG,610,
205 Cedar Ave,,Gaithersburg,205 cedar ave,MONTGOMRY VLG,615,
12408 Port Haven Dr,,Germantown,12408 port haven dr,Darnestown,624,
804 Trotters Ridge Ln,,Gaithersburg,804 trotters ridge ln,Montgomery Village,628,
18855 Poppy Seed Ln,,Germantown,18855 poppy seed ln,Darnestown,630,
355 Howard Ave,,Rockville,355 howard ave,Potomac,637,
310 S Horners Ln,,Rockville,310 s horners ln,Potomac,638,
18761 Pier Point Pl,,Montgomery Village,18761 Pier Point Place,Montgomery Village,643,
417 Muddy Branch Rd,,Gaithersburg,417 muddy branch rd,North Potomac,645,
9309 Willow Creek Dr,,Montgomery Village,9309 willow cteek dr,Montgomery Village,649,
18109 Kitchen House Ct,,Germantown,18109 kitchen house ct,Darnestown,654,
10 quince orchard blvd,,Gaithersburg,10 quince orchard blvd,North Potomac,655,
56 State Ct,,Gaithersburg,56 State Court,Gaithersburg,659,
17730 Towne Crest Dr,,Gaithersburg,17730 Town Crest Drive,Gaithersburg,660,
11529 Summer Oak Dr,,Darnestown,11529 summer oak dr,Germantown,662,
11771 Skylark Rd,,Clarksburg,1771 skylark rd,Clarksburg,665,
11771 Skylark Rd,,Clarksburg,11771 Skylark Rd.,Clarksburg,666,
7901 Spiceberry Cir,,Gaithersburg,7901 Spiceberry Circle,,667,
9019 Centerway Rd,,Gaithersburg,9019 Centerway Rd,,668,
840 W Side Dr,,Gaithersburg,840 W Side,Gaithersburg,670,
27616 Ridge Rd,,Damascus,27616 Ridge road,Damascus,671,
23804 Remoe Ct,,Clarksburg,23804 Remoe Ct,,672,
7814 Scotland Dr,,Potomac,7814 Scotland Drive,Potomac,673,
13313 Dovedale Way,,Germantown,13313 Dovedale Way,Darnestown,676,
30 Crestwood Dr,,Gaithersburg,30 Crestwood  Dr,,681,
18535 Nutmeg Pl,,Germantown,18535 nutmeg place,Germantown,686,
9881 Dockside Ter,,Montgomery Village,9881 Dockside Terrace,Montgomery Village,687,
9824 Brookridge Ct,,Montgomery Village,9824 Brookridge Court,Montgomery Village,688,
11108 Lake Breeze Dr,,Gaithersburg,11108 Lake Breeze Dri,North Potomac,689,
11108 Lake Breeze Dr,,North Potomac,11108 Lake Breeze,North Potomac,690,
10035 Ridgeline Dr,,Montgomery Village,10035 Ridgeline Drive,Montgomery Village,691,
18 Ramsdell Ct,,Gaithersburg,18 Ramsdell Ct,North Potomac,692,
319 W Side Dr,,Gaithersburg,319 West Side Dr,Gaithersburg,693,
18431 Lost Knife Cir,,Montgomery Village,18431 Lost Knife Circle,Montgomery Village,694,
18752 Flower Hill Way,,Gaithersburg,18752 Flower Hill,Gaithersburg,695,
18403 Lost Knife Cir,,Montgomery Village,1843 Lost knife,,697,
18525 Strawberry Knoll Rd,,Gaithersburg,18525 strawberry knoll rd,Montgomery Village,700,
396 N Summit Ave,,Gaithersburg,396 North Summit,-,701,
319 Summit Hall Rd,,Gaithersburg,319 Summit Rd,Gaithersburg,703,
125 E Deer Park Dr,,Gaithersburg,125 e deer park,MONTGOMRY VLG,707,
121 Watkins Station Cir,,Gaithersburg,121 watkins station cir,Montgomery Village,708,
427 Muddy Branch Rd,,Gaithersburg,427 MUDDY BRANCH RD,North Potomac,709,
18403 Lost Knife Cir,,Montgomery Village,18403 lost knife rd,Montgomery Village,711,
825 Quince Orchard Blvd,,Gaithersburg,825 qince orchard blv,North Potomac,716,
20209 Shipley Ter,,Germantown,20209 Ship Leafe  terrace,,721,
935 Beacon Square Ct,,Gaithersburg,935 beacon sqquarect,North Potomac,731,
18521 Boysenberry Dr,,Gaithersburg,18521 boysenberry dr,Montgomery Village,732,
18518 Boysenberry Dr,,Gaithersburg,18518 boysenberry dr,Montgomery Village,733,
16701 Shea Ln,,Gaithersburg,16701 chea ln,MONTGOMRY VLG,741,
827 Quince Orchard Blvd Apt 34,,Gaithersburg,827 Quince Orchard Blvd ,Gaithersburg,746,
17650 Amity Dr,,Gaithersburg,17650 amity dr,MONTGOMRY VLG,749,
503 S Frederick Ave,,Gaithersburg,503 s frederick ave,MONTGOMRY VLG,750,
19761 Crystal Rock Dr,,Germantown,19761 Crystal Rock Dr ,Germantown,751,
9204 Bluebird Ter,,Gaithersburg,9204 Bluebird Terrace,Gaithersburg,759,
3 Hermosa Pl,,Gaithersburg,3 hermosa pl,MONTGOMRY VLG,762,
2 Hermosa Pl,,Gaithersburg,2 hermosa pl,MONTGOMRY VLG,763,
2 Case Mews,,Gaithersburg,2 cash mews,North Potomac,765,
18525 Strawberry Knoll Rd,,Gaithersburg,18525 Strawberry Knoll,Gaithersburg,773,
7615 Quince Orchard,,Gaithersburg,9312 Brossgood Way,,777,
208 Garth Ter,,Gaithersburg,208 Gart Terrace,Gaithersburg,781,
715 Quince Orchard Blvd,,Gaithersburg,49715 quince orchard blvd,North Potomac,785,
7424 Kill breathen Terrce,,Gaithersburg,19413 Poinsetta Ct,Gaithersburg,786,
771 Quince Orchard Blvd,,Gaithersburg,771 Qiunce Orchad,,787,
1025 Southern Night Ln,,Gaithersburg,1025 Southernight Lane,Gaithersburg,790,
19608 Galway Bay Cir,,Germantown,19608 Galway Bay Circle,Germantown,791,
424 Lincoln St,,Rockville,10100 Blue Tee Ter,Rockville,792,
418 Elm Summit,,,18231 Lost Knift Circle,,795,
Ghjj,,,901 Clopper Rd,,801,
18441 Lost Knife Cir,,Montgomery Village,18441 losr knife cir,Montgomery Village,804,
439 N Frederick Ave,,Gaithersburg,439 North Frederick Ave,Gaithersburg,818,
594 Mannakee St,,Rockville,594 Mannakee St,,822,
11140 Lake Breeze Dr,,Gaithersburg,11140 Lake Breeze Dr.,Gaithersburg,823,
74 Nina Ct,,Gaithersburg,74 Nina Ct.,MONTGOMRY VLG,825,
20515 Strath Haven Dr,,Montgomery Village,20515 Strath Haven  Dr,Montgomery Village,826,
810 Blakely Ct,,Frederick,810 Balakely Ct,,830,
13319 Woodruff Ct,,Germantown,13319 Woodruff Court,Darnestown,831,
1203 Fidler Ln,,Silver Spring,1203 Fidler LN,,833,
975 Clopper Rd,,Gaithersburg,975 Clopper Rd.,North Potomac,836,
9511 Treyford Ter,,Montgomery Village,9511 tree ford terr,gaithersburg,843,
200 Olde Towne Ave,,Gaithersburg,200 Old Town Ave,,850,
19628 Twin Flower Cir,,Germantown,19628 Flower Circle,Gaithersburg,853,
378 N Summit Ave,,Gaithersburg,378 N summit at 3,gaithersburg,854,
378 N Summit Ave,,Gaithersburg,378 N Summit Ave ,Gaithersburg,857,
8709 Waxwing Ter,,Gaithersburg,8709 waxwing ter,Montgomery Village,865,
19272 Circle Gate Dr,,Germantown,19272 circle gatedr,Germantown,868,
19515 Frederick Rd,,Germantown,1915 frederick ave,,869,
8233 Hedge Apple Way,,Gaithersburg,8233 hedge apple way,Montgomery Village,872,
13104 Brewers Tavern Ter,,Clarksburg,13104 brewers tabern ter,Clarksburg,873,
11812 Silent Valley Ln,,North Potomac,11812 Silent Valley Lane,Gaithersburg,874,
106 Rolling Rd,,Gaithersburg,106 rolling rd,MONTGOMRY VLG,875,
18625 Mustard Seed Ct,,Germantown,18625 mustard seed ct,Darnestown,880,
431 Christopher Ave,,Gaithersburg,431 christopher ave,Montgomery Village,883,
813 Quince Orchard Blvd,,Gaithersburg,813 quince orchard Blvd,North Potomac,887,
15955 Frederick Rd,,Derwood,15955 Frederick Rd,Rockville,892,
7956 Spiceberry Cir,,Gaithersburg,7956 Spiceberry,,893,
18341 Lost Knife Cir,,Montgomery Village,18341 Lost Knife Circle,,895,
1317 Carlsbad Dr,,Gaithersburg,1317 clasburg dr,Gaithersburg,896,
7832 Mineral Springs Dr,,Gaithersburg,7832 Mineral Springs Drive,Gaithersburg,904,
18912 Smoothstone Way,,Montgomery Village,18912 Smoothstone Way ,Montgomery Village,906,
789 Quince Orchard Blvd,,Gaithersburg,789 Quince Orchard,Gaithersburg,908,
712 Clopper Rd,,Gaithersburg,712 Clopper Rd,,912,
781 Quince Orchard Blvd,,Gaithersburg,781 Quince Orchard Rd,Gaithersburg,913,
19325 Frederick Rd,,Germantown,19325 Frederick Rd,Gaithersburg,914,
17702 Topfield Dr,,Gaithersburg,17702 Top Free Drive,,915,
511 S Frederick Ave,,Gaithersburg,511 S Frederick Ave,,922,
13 School Dr,,Gaithersburg,781 Quince Orchard Blvd,Gaithersburg,926,
18745 Walkers Choice Rd,,Montgomery Village,18745 Walker Choice,,928,
17 School Drive,,Gaithersburg,102 SummyBrook,Gaithersburg,930,
17016 Downing St,,Gaithersburg,170126 DOWNING ST,MONTGOMRY VLG,932,
404 N Summit Ave,,Gaithersburg,404 N SUMMIT AVE,MONTGOMRY VLG,933,
19025 Canadian Ct,,Montgomery Village,402 Girard St,Montgomery Village,935,
18712 Walkers Choice Rd,,Montgomery Village,444 Girard St,Montgomery Village,936,
364 N Summit Ave,,Gaithersburg,364 North Summit ave,,944,
883 Clopper Rd Apt T1,,Gaithersburg,883 Clopper Rd ,Gaithersburg,946,
1 N Summit Dr,,Gaithersburg,1 n summit,MONTGOMRY VLG,948,
4 Linda Ct,,Gaithersburg,4 Linda Court,,950,
18804 Walkers Choice Rd,,Montgomery Village,18804 Walkers Choice,Montgomery Village,956,
18421 Lost Knife Cir,,Montgomery Village,18421 Lost Knife circle,Gaithersburg,960,
17016 Downing St,,Gaithersburg,17016 Downing St,,966,
16141 Riffle Ford Rd,,Gaithersburg,16141 Riffleford Rd,Darnestown,969,
8215 Shady Spring Dr,,Gaithersburg,8215 SHADY  SPRING DR,MONTGOMRY VLG,975,
20400 Apple Harvest Cir,,Germantown,10145 ridgeline dr,Maryland,976,
19515 Frederick Rd,,Germantown,19515 FREDERICK GERMANTOW,,977,
17736 Larchmont Ter,,Gaithersburg,17736 LARSH MONT TERRI,MONTGOMRY VLG,979,
12202 Edgemont St,,Silver Spring,12202 edgemont silver,md,982,
795 Quince Orchard Blvd,,Gaithersburg,795  QUINCE ORCHARD,,987,
795 Quince Orchard Blvd,,Gaithersburg,795 quince orchard,Gaithersburg,988,
17720 Towne Crest Dr,,Gaithersburg,17720 Towne Crest Drive,Gaithersburg,997,
821 Quince Orchard Blvd,,Gaithersburg,821 quince orchard blvd,North Potomac,998,
11422 Flowerton Pl,,Germantown,11422 Flowerton Place,Germantown,1000,
7449 Brenish Dr,,Gaithersburg,7449 Brenish Drive,Gaithersburg,1003,
10112 Blue Tee Ter,,Montgomery Village,10112 Bluetee Terrace,,1009,
19424 Saint Johnsbury Ln,,Germantown,19424 Saint Johnsburry,,1012,
20673 Shadyside Way,,Germantown,20673 shadyside way,Darnestown,1020,
802 W Side Dr,,Gaithersburg,802 West Side Drive,North Potomac,1024,
1150 W Side Dr,,Gaithersburg,1150 West Side Dr,North Potomac,1025,
418 N Summit Ave,,Gaithersburg,18231 Lost Knift Circle,Gaithersburg,1027,
398 N Summit Ave,,Germantown,398 North Summit Ave,,1030,
454 Girard St,,Gaithersburg,454 girard sr,MONTGOMRY VLG,1037,
362 N Summit Ave,,Gaithersburg,362 North Summit Ave,,1039,
9283 Chadburn Pl,,Montgomery Village,9283 Chadburn Pl,,1041,
8244 Amity Cir,,Gaithersburg,8244 amity cir,,1045,
7900 Spiceberry Cir,,Gaithersburg,7900 Spiceberry,Gaithersburg,1054,
17642 Shady Spring Ter,,Gaithersburg,17642 shaddy spring ter,MONTGOMRY VLG,1055,
423 Muddy Branch Rd,,Gaithersburg,423 Muddy Branch,Gaithersburg,1065,
10244 Millstream Dr,,Gaithersburg,10244 millstream dr,Montgomery Village,1066,
19608 Galway Bay Cir,,Germantown,19608 Gallway Bay Circle,Germantown,1073,
9437 Hickory View Pl,,Montgomery Village,9437 hicory view pl,Montgomery Village,1074,
11426 Brundidge Ter,,Germantown,11426 Brundige Terrace,Germantown,1075,
9437 Hickory View Pl,,Montgomery Village,9437 hickory view,Montgomery Village,1076,
8201 Amity Cir,,Gaithersburg,8201 Amity circle,gaithersburg,1077,
8203 Amity Cir,,Gaithersburg,8203 amity cir,MONTGOMRY VLG,1078,
36 Starboard Ct,,Gaithersburg,36 starboard ct,,1081,
8206 Mountain Ash Way,,Gaithersburg,8206 mountain ash way,Montgomery Village,1083,
18045 Royal Bonnet Cir,,Montgomery Village,18045 royal bonnet cir,Burtonsville,1085,
605 N Stonestreet Ave,,Rockville,605 n stonestreet ave,Potomac,1090,
12650 Grey Eagle Ct,,Germantown,12650 grey eagle ct,Darnestown,1099,
569 Summit Hall Rd,,Gaithersburg,569 summit hall rd,Gaithersbug,1109,
1317 Carlsbad Dr,,Gaithersburg,1317 clasbad dr,Montgomery Village,1114,
19246 Esmond Ter,,Germantown,10100 Blue Tee Ter,Germantown,1116,
9631 Brassie Way,,Montgomery Village,9631 Breeze Way,Montgomery Village,1122,
714 Clopper Rd,,Gaithersburg,714 Clopper rd,,1128,
9804 Walker House Rd,,Montgomery Village,9804 Walker House Road,,1130,
12 Brookes Ave,,Gaithersburg,12 brookes ave,MONTGOMRY VLG,1132,
16 N Summit Dr,,Gaithersburg,16 North Summit Dr,Gaithersburg,1134,
18822 Bent Willow Cir,,Germantown,18822 Bent Willow Circle,Darnestown,1137,
18922 Bent Willow Cir,,Gaithersburg,18922 Bent Willow Circle,MONTGOMRY VLG,1139,
1700 Mount Pisgah Ln,,Silver Spring,1700 mount pisgah lane,Silver Spring,1141,
204 Whitcliff Ct,,Gaithersburg,204 Whitcliff Ct,North Potomac,1144,
2114 Parkside Dr,,Bowie,2114 Parkside,,1154,
18847 Poppy Seed Ln,,Germantown,818847 poppy seed ln,Germantown,1163,
22 N Summit Dr,,Gaithersburg,22 north summit dr,Gaithersburg,1166,
18243 Lost Knife Cir,,Montgomery Village,18243 lost knife cir,,1167,
18889 Waring Station Rd,,Germantown,18889 warning station rd,Darnestown,1175,
18449 Lost Knife Cir,,Montgomery Village,18449 Lost Knife Circle,,1180,
13207 Twinbrook Pkwy,,Rockville,13207  TwinBrook,rockville,1181,
19515 Frederick Rd,,Germantown,19515 freferick rd,Germantown,1183,
19515 Frederick Rd,,Germantown,19515 n frederick ave,,1187,
22005 Broadway Ave,,Clarksburg,22005 broadway ave,,1190,
1013 Neal Dr,,Rockville,1013 neal dr,Potomac,1191,
8409 Mountain Laurel Ln,,Gaithersburg,8409 Mountain Laurel,,1194,
362 N Summit Ave,,Gaithersburg,362 North Summit,Gaithersburg,1195,
1 Whetstone Dr,,Gaithersburg,1 wet stone dr,,1196,
800 Quince Orchard Blvd,,Gaithersburg,800 quince orchard blvd,,1199,
8 Guy Ct,,Rockville,8 guy ct,Potomac,1202,
1013 Grandin Ave,,Rockville,1013 grand ave,Rockville,1203,
2920 Bel Pre Rd,,Silver Spring,2920 bel pree rd,Silver Spring,1204,
18753 Blue Violet Ln,,Gaithersburg,18753 Blue Violet Lane,,1205,
9057 Centerway Rd,,Gaithersburg,9057 centerway rd,,1224,
64 Deer Park Ct,,Gaithersburg,64 Deer Park #103,Gaithersburg,1231,
214 W Deer Park Rd,,Gaithersburg,214 west deer park rd,MONTGOMRY VLG,1251,
410 W Deer Park Rd,,Gaithersburg,410 w Eder park rd,MONTGOMRY VLG,1252,
18311 Ivy Oak Ter,,Gaithersburg,18311 ivy oak terr,,1253,
499 Quince Orchard Rd,,Gaithersburg,499 quince orchard rd,,1255,
19515 Frederick Rd,,Germantown,19515 fredeick rd,,1257,
19359 Circle Gate Dr,,Germantown,19359 circle gate dr,Darnestown,1258,
11413 Flowerton Pl,,Germantown,11413 flowerton pl,,1261,
20000 Frederick Rd,,Germantown,20000 Frederick Rd,,1262,
19 School Dr,,Gaithersburg,19 School Dr,North Potomac,1264,
52 Orchard Dr,,Gaithersburg,52 Orchard Drive,Gaithersburg,1283,
13 School Dr,,Gaithersburg,13 school dr ,Gaithersburg,1285,
17604 Sequoia Dr,,Gaithersburg,17604 Sequola drive,MONTGOMRY VLG,1287,
106 Duvall Ln,,Gaithersburg,106 DUVAL LN,,1290,
8327 Fairhaven Dr,,Gaithersburg,8327 Fairhaven Dr,MONTGOMRY VLG,1292,
8040 Brink Rd,,Gaithersburg,8040 bring rd,,1296,
18415 Lost Knife Cir,,Montgomery Village,18415 Lost Kineie Circle,Montgomery Village,1301,
48 Michael Ct,,Gaithersburg,48 Michael Ct,,1303,
10 Harkness Ct,,Gaithersburg,10 Harkness Ct,,1311,
180 Duvall Ln,,Gaithersburg,18431 Lost Knife Circle,Gaithersburg,1312,
767 Quince Orchard Blvd,,Gaithersburg,767 Quince Orchad Blvd,Gaithersburg,1315,
14004 Cove Ln,,Rockville,14004 Cove Ln ,,1317,
627 Main St,,Gaithersburg,627 Mains St,Gaithersburg,1318,
374 N Summit Ave,,Gaithersburg,374 North Summit Ave,,1321,
9626 Horizon Run Rd,,Montgomery Village,9626 Horizon Run Rd,,1323,
17738 Topfield Dr,,Gaithersburg,17738 topfield dr,MONTGOMRY VLG,1324,
8842 Welbeck Way,,Montgomery Village,8842 Wellbick Way,Montgomery Village,1326,
19272 Esmond Ter,,Germantown,19272 Esmod Terrace,,1327,
12521 Crystal Rock Ter,,Germantown,12521 Cristal Rock Terrace,,1328,
19007 Stedwick Dr,,Montgomery Village,19007 Stedwick,,1329,
19304 circle Gate Drive,,,404 N Summit Ave,,1332,
63 U St NW,,Washington,63 U st  Northwest,,1333,
6103 Landover Rd,,Cheverly,6103 Landover,,1334,
9437 Hickory View Pl,,Montgomery Village,9437 hicory veew pl,Montgomery Village,1338,
4706 Listra Rd,,Rockville,4706 Listra Rd,,1339,
1 N SummIt Dr,,Gaithersburg,1N North SummIt Drive,,1343,
1 N Summit Dr,,Gaithersburg,1 N North Summit Drive,,1344,
20109 Torrey Pond Pl,,Montgomery Village,20109 Torrey Pond,,1345,
1013 Neal Dr,,Rockville,1013 Neal Drive,,1350,
101 Water St,,Gaithersburg,101 Water St,,1352,
204 Water St,,Gaithersburg,204 Water St,,1363,
11 Goodport Ln,,Gaithersburg,11 Goodport Lane,,1365,
18500 Sweet Autumn Dr,,Gaithersburg,18500 Sweet Autumn dr,,1372,
17205 King James Way,,Gaithersburg,17205 King James Way,,1374,
18101 Royal Bonnet Cir,,Montgomery Village,18101 Royal Bonnet Circle,Montgomery Village,1375,
18624 Chickadee Ln,,Gaithersburg,18624 Cickadee Ln,Gaithersburg,1380,
14009 Rockingham Rd,,Germantown,14009 rockingham rd,Darnestown,1385,
927 Clopper Rd,,Gaithersburg,927 clopper rd,North Potomac,1392,
7901 Spiceberry Cir,,Gaithersburg,7901 Spiceberry Circle,Gaithersburg,1394,
957 Clopper Rd,,Gaithersburg,957 clopper rd,,1397,
17016 Downing St,,Gaithersburg,17016bdowning st,Gaithersburg,1398,
119 Pontiac Way,,Gaithersburg,119 pontian way,,1399,
4 Linda Ct,,Gaithersburg,4 linda Court,Gaithersburg,1401,
2123 Hermitage Ave,,Silver Spring,2123 Hermitage ave,WheatonSilver,1402,
1518 Dunwoody Ave,,Oxon Hill,1518 dunwoody ave,Forest Heights,1403,
17405 Onax Dr,,Germantown,17405 onax dr,Darnestown,1407,
24217 Club View Dr,,Gaithersburg,24217 club view dr,Laytonsville,1412,
11504 Clopper rd,,Gaithersburg,17138 Downing St,Gaithersburg,1418,
202 Community Center Ave,,Gaithersburg,202 Community Center Avenue,North Potomac,1419,
870 Quince Orchard Blvd,,Gaithersburg,870 Quince orchard bl,Gaithersburg,1425,
410 W Deer Park Rd,,Gaithersburg,410 W deer park rd,Gaithersburgga,1434,
95 Dawson Ave,,Rockville,95  Dawson Ave,Rockville,1447,
511 S Frederick Ave,,Gaithersburg,511 S frederick av,MONTGOMRY VLG,1451,
15 Brassie Ct,,Montgomery Village,15 Braire Court,,1472,
18207 Lost Knife Cir,,Montgomery Village,18207blost knife cir,Montgomery Village,1473,
4 Big Acre Sq,,Gaithersburg,4 Big Acres Blvd,Gaithersburg,1474,
18036 Cottage Garden Dr,,Germantown,18036 cottage garden dr,Darnestown,1476,
19912 Sweetgum Cir,,Germantown,19912 sweetgum cir,Darnestown,1479,
913 Lincoln St,,Rockville,913 Lincoln St,,1481,
17 N Summit Rd,,Gaithersburg,17 North Summit Rd,,1485,
449 Christopher Ave,,Gaithersburg,449 christopher ave,,1487,
813 Quince Orchard Blvd,,Gaithersburg,813 Quince Orchad,Gaithersburg,1488,
1339 Open Hearth Way,,Germantown,1339 Open Hare Way,,1491,
438 Girard St,,Gaithersburg,438 guirard st,Gaithersburg,1492,
18319 Lost Knife Cir,,Montgomery Village,18319 Lost Knife Circle,,1499,
20621 Neerwinder St,,Germantown,20621 neerwiner sr,Darnestown,1501,
18643 Chickadee Ln,,Gaithersburg,18643 chickdale st,Gaithersburg,1503,
13008 Cottage Field Ln,,Germantown,13008 Cottage Field,,1505,
19272 Esmond Ter,,Germantown,19272 esmon ter,Darnestown,1510,
11603 Connecticut Ave,,Silver Spring,11603 connecticut ave,Wheaton,1515,
941 Clopper Rd,,Gaithersburg,941 Clopper Rd.,Gaithersburg,1517,
18315 Lost Knife Cir,,Montgomery Village,18315 Lost knife Circle,,1528,
1227 Smokehouse Ct,,Germantown,1227 smokehuose ct,Darnestown,1538,
1 N Summit Dr,,Gaithersburg,1 n summith dr,Gaithersburg,1539,
676 Heathwalk Mews,,Gaithersburg,676 heathwalk news st,Gaithersburg,1545,
19930 Apple Ridge Pl,,Montgomery Village,19930 apple ridge pl,,1547,
19530 Crystal Rock Dr,,Germantown,19530 crystal rock dr,Darnestown,1553,
9912 Walker House Rd,,Montgomery Village,9912 wakers house rd,Montgomery Village,1559,
732 Quince Orchard Blvd,,Gaithersburg,732 quince orchard blvb,,1563,
519 S Frederick Ave,,Gaithersburg,394 N Summit Ave,,1566,
17211 Black Rock Rd,,Germantown,17211 Black Rock Rd.,Darnestown,1568,
600 E Gude Dr,,Rockville,600 E GUde Drive,,1569,
17113 King James Way,,Gaithersburg,17113 King James Way,,1570,
12570 Cross Ridge Way,,Germantown,12570 Cross Rdige Way,,1571,
20 N Summit Dr,,Gaithersburg,20 North Summit Dr.,Gaithersburg,1572,
12 Praire Rose Ln,,Gaithersburg,12 Praire Rose Ln,,1575,
925 Clopper Rd,,Gaithersburg,925 Clopper Rd.,Gaithersburg,1576,
11475 Brundidge Ter,,Germantown,11475 Brundidge Ter,,1579,
13313 Darnestown Rd,,Gaithersburg,13313 Darnes Town Rd,,1580,
425 Muddy Branch Rd,,,3430 Floral St,,1583,
302 N Frederick Ave,,Gaithersburg,302 North Frederick Ave,,1584,
170 Watkins Station Cir,,Gaithersburg,170 Walkins Station Circle,Gaithersburg,1587,
8430 Burchap Dr,,Montgomery Village,8430  Burchap,,1594,
19312 Sandy Lake Dr,,Gaithersburg,19312 Sandy Lake Drive,,1606,
11541 Apperson Way,,Germantown,11541 Apperson Way,,1612,
15 Highstream Ct,,Germantown,15 Hhghstream ct,,1614,
17 Water St,,Gaithersburg,17 Water St,,1626,
139 Mission Dr,,,4 Linda Ct,,1637,
14301 Kings Crossing Blvd,,Boyds,14301 Kimgs Crossng,,1641,
502 Coral Reef Dr,,Gaithersburg,502 Corral Reef,,1642,
325 N Van Buren St,,Rockville,325 N van Buren St,,1647,
2019 Forest Hill Dr,,Silver Spring,2019 Forest Hill,,1652,
8512 Taffon Drive,,Silver Spring,8512 Taffon Drive,,1653,
12812 Longford Glen Dr,,Germantown,12812 Longford Glen Dr,,1656,
117 Deer Park Ln,,Gaithersburg,117 Deer Park Lane,Gaithersburg,1662,
9605 Tall Oaks Rd,,Montgomery Village,9605 Tall Oaks Rd.,Montgomery Village,1665,
