Visit on,Tracking Method,Guest ID,First Name,Last Name,Address,Apartment/Suite,City/Town,State/Province,Zip/Postal Code,Total Individuals,0 to 1,2 to 17,18+,--- TOTAL Rx COSTS (number only 0.00),,Test notes
5/10/2023,Food,Cherry Rose,Cherry,Rose,18235 Lost Knife,,Gaithersburg,MD,20886,4,0,0,4,,,
3/11/2023,Food,1004,Uber,Victor,2 nina ave,,Gaitherburg,MD,20871,3,0,0,3,,,
,,,,,,,,,,,,,,,,
,,,,,,,,,,,,,,,,
,,,,,,,,,,,,,,,,
,,,,,,,,,,,,,,,,
,,,,,,,,,,,,,,,,
,,,,,,,,,,,,,,,,
,,,,,,,,,,,,,,,,
,,,,,,,,,,,,,,,,
,,,,,,,,,,,,,,,,
,,,,,,,,,,,,,,,,
,,,,,,,,,,,,,,,,
